Depth,Temperature (°C)
"4""",23.55209168743904
"8""",23.420209710631845
"12""",23.31752682345291
"16""",22.99644250568982
"20""",22.721427332827574
"24""",22.07022759293378
"28""",21.786971388316896
"32""",21.464916007369677
"36""",21.11087785845887
"40""",20.649086918825187
"44""",20.21276958924894
"48""",19.782739785412375
